wavelength_nm,Au_n,Au_k,Ag_n,Ag_k
187.9,1.28,1.188,1.07,1.212
191.6,1.32,1.203,1.1,1.232
195.3,1.34,1.226,1.12,1.255
199.3,1.33,1.251,1.14,1.277
203.3,1.33,1.277,1.15,1.296
207.3,1.3,1.304,1.18,1.312
211.9,1.3,1.35,1.2,1.325
216.4,1.3,1.387,1.22,1.336
221.4,1.3,1.427,1.25,1.342
226.20000000000002,1.31,1.46,1.26,1.344
231.3,1.3,1.497,1.28,1.357
237.1,1.32,1.536,1.28,1.367
242.60000000000002,1.32,1.577,1.3,1.378
249,1.33,1.631,1.31,1.389
255.1,1.33,1.688,1.33,1.393
261.6,1.35,1.749,1.35,1.387
268.9,1.38,1.803,1.38,1.372
276.1,1.43,1.847,1.41,1.331
284.4,1.47,1.869,1.41,1.264
292.4,1.49,1.878,1.39,1.161
300.9,1.53,1.889,1.34,0.964
310.7,1.53,1.893,1.13,0.616
320.40000000000003,1.54,1.898,0.81,0.392
331.5,1.48,1.883,0.17,0.829
342.5,1.48,1.871,0.14,1.142
354.2,1.5,1.866,0.1,1.419
367.9,1.48,1.895,0.07,1.657
381.5,1.46,1.933,0.05,1.864
397.4,1.47,1.952,0.05,2.07
413.3,1.46,1.958,0.05,2.275
430.5,1.45,1.948,0.04,2.462
450.90000000000003,1.38,1.914,0.04,2.657
471.4,1.31,1.849,0.05,2.869
495.90000000000003,1.04,1.833,0.05,3.093
520.9,0.62,2.081,0.05,3.324
548.6,0.43,2.455,0.06,3.586
582.0999999999999,0.29,2.863,0.05,3.858
616.8000000000001,0.21,3.272,0.06,4.152
659.5,0.14,3.697,0.05,4.483
704.5,0.13,4.103,0.04,4.838
756,0.14,4.542,0.03,5.242
821.1,0.16,5.083,0.04,5.727
892,0.17,5.663,0.04,6.312
984,0.22,6.35,0.04,6.992
